{
	"id": "farchievements",
	"title": "Foundry Achievements",
	"description": "Achievements for FoundryVTT",
	"version": "13.01",
	"author": "Handyfon",
	"esmodules": ["AchievementsScreen.js"],
	"styles": ["AchievementsScreen.css"],
	"packs": [],
	"socket": true,
	"languages": [
	  {
		"lang": "de",
		"name": "German",
		"path": "lang/de.json"
	  },
	  {
		"lang": "en",
		"name": "English",
		"path": "lang/en.json"
	  }
	],
    "url": "https://github.com/Handyfon/Farchievements/tree/master",
    "manifest": "https://raw.githubusercontent.com/Handyfon/Farchievements/master/module.json",
    "download": "https://raw.githubusercontent.com/Handyfon/Farchievements/master/farchievements.zip",
	"compatibility": {
		"minimum": "11",
		"verified": "13"
	}
}