{
	"name": "farchievements",
	"title": "Foundry Achievements",
	"description": "Achievements for FoundryVTT",
	"version": "1.2.2",
	"author": "Handyfon",
	"esmodules": ["AchievementsScreen.js"],
	"styles": ["AchievementsScreen.css"],
	"packs": [],
	"socket": true,
    "url": "https://github.com/Handyfon/Farchievements/tree/master",
    "manifest": "https://raw.githubusercontent.com/Handyfon/Farchievements/master/module.json",
    "download": "https://raw.githubusercontent.com/Handyfon/Farchievements/master/farchievements.zip",
	"minimumCoreVersion": "0.6.0",
	"compatibleCoreVersion": "0.8.8"
}